algorithm,average bounded slowdown,renewable energy utilization
FCFS,121.43919653826782,0.6124791816725295
F2,61.390766085570505,0.6244398729896773
LPTPN,291.73453040285364,0.7223943514449818
PPO,86.62467677318327,0.6986701129006097
MARL,24.12745607651973,0.7689557234180909
MARLcos,13.819455713322338,0.7531878119902972
