algorithm,average bounded slowdown,renewable energy utilization
FCFS,128.4263701504341,0.6001221046066663
F2,59.12526938695395,0.6300195615105223
LPTPN,277.52871879971264,0.7260077832610037
PPO,98.69477715065065,0.708677594296054
MARL,16.828183621248886,0.776597697377256
MARLBERT,63.697362898245046,0.6592233295482617
